nome,idade,email,telefone
Sr. Murilo Barbosa,84,barbosabernardo@bol.com.br,+55 84 9718-3772
Cauê Jesus,76,nicolascardoso@gmail.com,(041) 2982-2851
Maitê Alves,51,ana-carolina06@yahoo.com.br,+55 (051) 9005-1498
Enrico Freitas,7,paulo26@gmail.com,+55 (071) 7949 3605
Isaac da Cunha,45,davi52@jesus.com,+55 (071) 8056-3243
Lívia da Luz,26,ncaldeira@hotmail.com,(061) 4038-2105
Olivia Jesus,76,rochafrancisco@carvalho.com,(061) 6972 7970
Yago das Neves,64,carolinaviana@farias.net,+55 71 5706 9672
Raquel Pires,80,da-cunhaluigi@hotmail.com,+55 (081) 1564 7406
Cauã Moraes,31,paulorocha@costa.br,51 7012 5603
Natália Sales,50,isabelly18@almeida.com,(011) 1762 7134
Dr. Miguel Carvalho,74,nicole87@uol.com.br,+55 (021) 5470 6161
Lorenzo Vieira,54,vitorjesus@uol.com.br,(071) 0730-1226
Lucca Viana,14,murilo54@ig.com.br,(051) 8789 8655
Ana Lívia Costela,39,igor87@uol.com.br,+55 (041) 6230-2958
Alice Souza,63,davi67@ig.com.br,(061) 7091-1963
Carolina da Cunha,30,yagocarvalho@carvalho.org,+55 (071) 2026 1097
Luana Lima,43,danielda-mota@yahoo.com.br,+55 31 8504-4133
Ryan Duarte,55,rochaluigi@yahoo.com.br,+55 (081) 2393-9341
Sr. João Lucas Teixeira,55,azevedodavi-luiz@bol.com.br,11 1784 2737
